{
  "model_name": "LogisticRegression",
  "version": "1.0.0",
  "features": [
    "revenue",
    "materials",
    "labour",
    "overhead",
    "cost_total",
    "job_age_days",
    "lead_time_days",
    "is_overdue",
    "statusName",
    "jobType",
    "customerName",
    "siteName",
    "descriptionText"
  ],
  "labels": [
    "Low",
    "Medium",
    "High"
  ],
  "f1_macro": 0.8363636363636364,
  "report": {
    "Low": {
      "precision": 1.0,
      "recall": 0.875,
      "f1-score": 0.9333333333333333,
      "support": 8.0
    },
    "Medium": {
      "precision": 0.9090909090909091,
      "recall": 0.9090909090909091,
      "f1-score": 0.9090909090909091,
      "support": 11.0
    },
    "High": {
      "precision": 0.5,
      "recall": 1.0,
      "f1-score": 0.6666666666666666,
      "support": 1.0
    },
    "accuracy": 0.9,
    "macro avg": {
      "precision": 0.8030303030303031,
      "recall": 0.9280303030303031,
      "f1-score": 0.8363636363636363,
      "support": 20.0
    },
    "weighted avg": {
      "precision": 0.925,
      "recall": 0.9,
      "f1-score": 0.9066666666666668,
      "support": 20.0
    }
  },
  "confusion_matrix": [
    [
      7,
      1,
      0
    ],
    [
      0,
      10,
      1
    ],
    [
      0,
      0,
      1
    ]
  ]
}