{
  "model_name": "LogisticRegression",
  "version": "1.0.0",
  "features": [
    "revenue",
    "materials",
    "labour",
    "overhead",
    "cost_total",
    "job_age_days",
    "lead_time_days",
    "is_overdue",
    "statusName",
    "jobType",
    "customerName",
    "siteName",
    "descriptionText"
  ],
  "labels": [
    "Low",
    "Medium",
    "High"
  ],
  "f1_macro": 0.4931216931216931,
  "report": {
    "Low": {
      "precision": 0.625,
      "recall": 0.5263157894736842,
      "f1-score": 0.5714285714285714,
      "support": 19.0
    },
    "Medium": {
      "precision": 0.631578947368421,
      "recall": 0.75,
      "f1-score": 0.6857142857142857,
      "support": 32.0
    },
    "High": {
      "precision": 0.3333333333333333,
      "recall": 0.16666666666666666,
      "f1-score": 0.2222222222222222,
      "support": 6.0
    },
    "accuracy": 0.6140350877192983,
    "macro avg": {
      "precision": 0.5299707602339181,
      "recall": 0.4809941520467836,
      "f1-score": 0.4931216931216931,
      "support": 57.0
    },
    "weighted avg": {
      "precision": 0.5979916897506925,
      "recall": 0.6140350877192983,
      "f1-score": 0.5988304093567252,
      "support": 57.0
    }
  },
  "confusion_matrix": [
    [
      10,
      9,
      0
    ],
    [
      6,
      24,
      2
    ],
    [
      0,
      5,
      1
    ]
  ],
  "chosen_C": 0.5,
  "cv_scores": {
    "0.25": [
      0.40050505050505053,
      0.4272913466461854,
      0.3867460317460318
    ],
    "0.5": [
      0.4328282828282828,
      0.5080242897419215,
      0.39106168262794766
    ],
    "1.0": [
      0.397801963294921,
      0.4908009864531604,
      0.4380066445182724
    ],
    "2.0": [
      0.44455316373124587,
      0.48009768009768,
      0.38296227581941866
    ]
  },
  "calibrated": false,
  "use_text": true,
  "rare_top_k": 20,
  "max_tfidf_features": 500,
  "thresholds": {
    "low": 0.44,
    "high": 0.64
  },
  "cutoff_date": null,
  "split_strategy": "random",
  "train_size": 225,
  "test_size": 57
}