{
  "model_name": "LogisticRegression",
  "version": "1.0.0",
  "features": [
    "revenue",
    "materials",
    "labour",
    "overhead",
    "cost_total",
    "job_age_days",
    "lead_time_days",
    "is_overdue",
    "statusName",
    "jobType",
    "customerName",
    "siteName",
    "date_month",
    "date_dow"
  ],
  "labels": [
    "Low",
    "Medium",
    "High"
  ],
  "f1_macro": 0.7168558492034872,
  "report": {
    "Low": {
      "precision": 0.9375,
      "recall": 0.7894736842105263,
      "f1-score": 0.8571428571428571,
      "support": 38.0
    },
    "Medium": {
      "precision": 0.4880952380952381,
      "recall": 0.7192982456140351,
      "f1-score": 0.5815602836879432,
      "support": 57.0
    },
    "High": {
      "precision": 0.8076923076923077,
      "recall": 0.6363636363636364,
      "f1-score": 0.711864406779661,
      "support": 99.0
    },
    "accuracy": 0.6907216494845361,
    "macro avg": {
      "precision": 0.7444291819291818,
      "recall": 0.7150451887293993,
      "f1-score": 0.716855849203487,
      "support": 194.0
    },
    "weighted avg": {
      "precision": 0.7392163249122012,
      "recall": 0.6907216494845361,
      "f1-score": 0.702035778416638,
      "support": 194.0
    }
  },
  "confusion_matrix": [
    [
      30,
      7,
      1
    ],
    [
      2,
      41,
      14
    ],
    [
      0,
      36,
      63
    ]
  ],
  "chosen_C": 2.0,
  "cv_scores": {
    "0.25": [
      0.8566137566137565,
      0.7996031746031745,
      0.8772893772893773
    ],
    "0.5": [
      0.9096459096459096,
      0.8496296296296296,
      0.8776035617499032
    ],
    "1.0": [
      0.9385245299107602,
      0.8916549460853257,
      0.8896918598815619
    ],
    "2.0": [
      0.9463970411028974,
      0.8916549460853257,
      0.9019212653081462
    ]
  },
  "calibrated": true,
  "use_text": false,
  "rare_top_k": 20,
  "max_tfidf_features": 500,
  "thresholds": {
    "low": 0.6217596090183625,
    "high": 0.7800508089316753
  },
  "cutoff_date": "2025-12-15",
  "split_strategy": "temporal",
  "train_size": 306,
  "test_size": 194
}