{
  "model_name": "LogisticRegression",
  "version": "1.0.0",
  "features": [
    "revenue",
    "materials",
    "labour",
    "overhead",
    "cost_total",
    "job_age_days",
    "lead_time_days",
    "is_overdue",
    "statusName",
    "jobType",
    "customerName",
    "siteName"
  ],
  "labels": [
    "Low",
    "Medium",
    "High"
  ],
  "f1_macro": 0.5055555555555555,
  "report": {
    "Low": {
      "precision": 0.5,
      "recall": 1.0,
      "f1-score": 0.6666666666666666,
      "support": 8.0
    },
    "Medium": {
      "precision": 0.6666666666666666,
      "recall": 0.5454545454545454,
      "f1-score": 0.6,
      "support": 11.0
    },
    "High": {
      "precision": 1.0,
      "recall": 0.14285714285714285,
      "f1-score": 0.25,
      "support": 7.0
    },
    "accuracy": 0.5769230769230769,
    "macro avg": {
      "precision": 0.7222222222222222,
      "recall": 0.5627705627705627,
      "f1-score": 0.5055555555555555,
      "support": 26.0
    },
    "weighted avg": {
      "precision": 0.7051282051282051,
      "recall": 0.5769230769230769,
      "f1-score": 0.5262820512820513,
      "support": 26.0
    }
  },
  "confusion_matrix": [
    [
      8,
      0,
      0
    ],
    [
      5,
      6,
      0
    ],
    [
      3,
      3,
      1
    ]
  ],
  "chosen_C": 0.25,
  "cv_scores": {
    "0.25": [
      0.8962962962962964,
      0.38095238095238093,
      0.2619047619047619
    ],
    "0.5": [
      0.8962962962962964,
      0.38095238095238093,
      0.2619047619047619
    ],
    "1.0": [
      0.8055555555555555,
      0.38095238095238093,
      0.2619047619047619
    ],
    "2.0": [
      0.8055555555555555,
      0.27777777777777773,
      0.25925925925925924
    ]
  },
  "calibrated": true,
  "use_text": false,
  "rare_top_k": 20,
  "max_tfidf_features": 500,
  "thresholds": {
    "low": 0.44,
    "high": 0.64
  },
  "cutoff_date": "2016-10-17",
  "split_strategy": "temporal",
  "train_size": 24,
  "test_size": 26
}